model_name,batch_size,n_runs,batch_mean_ms,batch_std_ms,per_record_mean_ms,per_record_std_ms,throughput_hz,speedup_mean,speedup_std,speedup_median,speedup_p05,speedup_p95,speedup_min,speedup_max
SeismoFNO 1D (SDOF),1,15,2.2472637333294188,0.23796840900550284,2.2472637333294188,0.23796840900550284,444.9855996734556,1.8941275211034894,0.18172153153070497,1.9596691294486086,1.534067348487862,2.111458235943814,1.4964446180931974,2.113898037560447
SeismoFNO 1D (SDOF),8,15,7.381075066662865,0.07395137917091643,0.9226343833328581,0.009243922396364554,1083.8529520086515,4.5673970143452856,0.045826229298551256,4.5744990201075835,4.504755674636579,4.638912977620363,4.493972065910407,4.6509221177225655
SeismoFNO 1D (SDOF),16,15,13.174247199996596,0.6781190943800477,0.8233904499997873,0.04238244339875298,1214.490646570237,5.13083632570933,0.2613378532216495,5.199117751234977,4.7542411931876964,5.484130872395594,4.737280965428648,5.5234287896592225
SeismoFNO 1D (SDOF),32,15,26.067616866657772,1.1952233842520639,0.8146130270830554,0.037350730757876996,1227.576734907829,5.1832891843886575,0.23493870568480119,5.198917086088632,4.778603862658608,5.521153337967076,4.738883310509322,5.640842670829277
SeismoFNO 1D (SDOF),64,15,46.17878319997241,1.890805219212357,0.7215434874995689,0.029543831550193078,1385.9178515565184,5.849404822460874,0.23657261135816132,5.807693489770388,5.4724285255587715,6.137822486641525,5.462701963677465,6.145957384317549
SeismoFNO 1D (SDOF),128,15,95.94831120001193,9.032775261808192,0.7495961812500932,0.0705685567328765,1334.0516200767074,5.666209188940123,0.48117648717511713,5.7349187396845895,4.8503499002335495,6.206187329617071,4.457877147224396,6.319121900840775
SeismoFNO 1D (SDOF),256,15,192.9238388000082,11.738042387815746,0.7536087453125321,0.04585172807740526,1326.9485077237075,5.612408435074214,0.3484490870539419,5.55570806733165,5.150332212602671,6.241689454225643,5.10033910670269,6.28469512098953
LSTM Baseline (SDOF),1,15,66.48818606668101,2.369767723598218,66.48818606668101,2.369767723598218,15.040265935321198,0.0634525362534219,0.002208781835609638,0.0632455162280258,0.05996386019170061,0.06598771079688072,0.05834306510718916,0.06634219516308397
LSTM Baseline (SDOF),8,15,133.18238893334637,47.19913327923385,16.647798616668297,5.899891659904231,60.06800196386138,0.2725864406436445,0.055899737160270205,0.2995048713339724,0.14256219937796122,0.31007480493792866,0.12186384851225879,0.3102401559698945
LSTM Baseline (SDOF),16,15,114.97741666664751,16.429114548313763,7.18608854166547,1.0268196592696102,139.15776214026957,0.5959697213496491,0.0675961697265685,0.6241757647347539,0.438972478937563,0.6465587560033784,0.4228691862771441,0.6651586776671905
LSTM Baseline (SDOF),32,15,137.0184916666555,9.831434903040632,4.281827864582985,0.30723234072001976,233.5451194270258,0.9887166047998555,0.06482900464706642,1.0139095288661417,0.8576116872442797,1.0475186089535133,0.8512129710459129,1.0524329264035381
LSTM Baseline (SDOF),64,15,312.72556946666253,92.07892795231295,4.886337022916602,1.4387332492548899,204.65227742377678,0.923476689465377,0.21474264311196634,0.9533571522207623,0.5585681079230331,1.2299723594006249,0.5013082437946828,1.241475030332591
MLP Baseline (SDOF),1,15,3.7404693333352648,0.8856939097653265,3.7404693333352648,0.8856939097653265,267.3461298259943,1.173423277666736,0.2033206689400885,1.2676652074531698,0.7985229643112517,1.3659193980538715,0.6528685982913605,1.4250829232274949
MLP Baseline (SDOF),8,15,12.215686199995918,1.3170075953456861,1.5269607749994898,0.16462594941821077,654.8956701263882,2.7888558617595947,0.27344719779412163,2.881585778800535,2.2902379982750225,3.0782819492434945,2.2569090506449414,3.119221731973245
MLP Baseline (SDOF),16,15,20.355697200003913,1.4118735267973146,1.2722310750002446,0.08824209542483216,786.020731335939,3.327650314227733,0.22624731885365992,3.362841345200578,2.9838211615404906,3.6123248269373103,2.908102918495974,3.627620965912667
MLP Baseline (SDOF),32,15,38.020472266657634,0.9399652315066183,1.188139758333051,0.02937391348458182,841.6518284035799,3.548544637853312,0.08693285009885707,3.572767422340445,3.4126672460509133,3.665707840599403,3.4039985213961086,3.671832220577998
MLP Baseline (SDOF),64,15,73.23780013331695,1.3502369467981499,1.1443406270830774,0.021097452293721092,873.8656797923873,3.6833740402177373,0.06734949756520155,3.696329891573311,3.5651540642660002,3.7767679009227573,3.557336300317294,3.7956211537861013
MLP Baseline (SDOF),128,15,138.87298886668304,9.928044627251523,1.0849452255209613,0.07756284865040253,921.7055169949499,3.901197034957015,0.24492569339297732,4.000147707258897,3.3397345031744337,4.072144079374187,3.227719920573104,4.0819742500844765
MLP Baseline (SDOF),256,15,271.43226960001056,8.522794622548815,1.0602823031250412,0.03329216649433131,943.1450445344914,3.9777636109509853,0.11840325625271694,4.018354850670678,3.792626677985189,4.094207959248511,3.6235477343936227,4.108946795820065
SeismoFNO 2D (MDOF 5-Story),1,15,6.504499866665961,0.7143003196821057,6.504499866665961,0.7143003196821057,153.73972180778506,2.554984845402969,0.2546026382509234,2.6397182648424997,2.0835214773792883,2.854271072485744,2.0301273144756067,2.874211757355771
SeismoFNO 2D (MDOF 5-Story),8,15,34.87410839999636,0.5819168075769379,4.359263549999545,0.07273960094711723,229.39654566196268,3.7718331149275115,0.06268872826746255,3.7765384337034824,3.6675721082645465,3.853998310412216,3.651487492189806,3.893069113237214
SeismoFNO 2D (MDOF 5-Story),16,15,67.54789439997542,8.774115068919835,4.221743399998464,0.5483821918074897,236.86896745083178,3.946972545131642,0.4135410484889689,4.18498715912154,3.08903530330742,4.241209393228263,2.794412591955349,4.242446364254231
SeismoFNO 2D (MDOF 5-Story),32,15,122.5921611333509,7.35435275164517,3.8310050354172156,0.22982352348891155,261.02810900928375,4.304743317822846,0.23362581940615731,4.3878007497023415,3.7525327697279645,4.5015564781394755,3.721955287613415,4.51511591798541
SeismoFNO 2D (MDOF 5-Story),64,15,256.3717555999953,23.486086948585257,4.005808681249927,0.36697010857164464,249.63748385706015,4.136480575931714,0.36070912816184025,4.2667077646064975,3.5472533326670828,4.51865825366822,3.4995417309479735,4.556560031328623
